434.670132,37
434.7586126,-18
434.8470929,5
434.9355729,16
435.0240527,-9
435.1125321,8
435.2010113,7
435.2894902,0
435.3779688,5
435.4664471,4
435.5549251,-15
435.6434028,-8
435.7318802,13
435.8203574,5
435.9088342,-10
435.9973108,21
436.085787,14
436.174263,-9
436.2627387,21
436.3512141,-12
436.4396892,4
436.528164,20
436.6166385,-18
436.7051127,-9
436.7935866,29
436.8820603,3
436.9705336,-15
437.0590067,21
437.1474794,2
437.2359519,-15
437.324424,-9
437.4128959,12
437.5013675,-8
437.5898388,-6
437.6783098,18
437.7667805,-12
437.8552509,-10
437.943721,12
438.0321908,-4
438.1206603,-3
438.2091295,12
438.2975985,-25
438.3860671,-3
438.4745354,8
438.5630034,-20
438.6514712,-26
438.7399386,-1
438.8284058,-7
438.9168726,8
439.0053392,12
439.0938054,0
439.1822714,-11
439.270737,0
439.3592024,2
439.4476674,-6
439.5361322,7
439.6245967,9
439.7130608,-25
439.8015247,-1
439.8899882,13
439.9784515,-2
440.0669145,-15
440.1553771,25
440.2438395,-15
440.3323016,-12
440.4207633,16
440.5092248,-9
440.5976859,7
440.6861468,7
440.7746073,-4
440.8630676,-14
440.9515276,18
441.0399872,4
441.1284466,-23
441.2169056,25
441.3053643,9
441.3938228,-18
441.4822809,4
441.5707388,-2
441.6591963,-26
441.7476535,16
441.8361104,11
441.9245671,-23
442.0130234,-4
442.1014794,4
442.1899351,-21
442.2783905,-2
442.3668456,-6
442.4553004,-10
442.5437549,4
442.632209,8
442.7206629,-13
442.8091165,3
442.8975697,4
442.9860227,-6
443.0744753,-7
443.1629277,6
443.2513797,-7
443.3398314,-3
443.4282829,13
443.516734,4
443.6051848,-7
443.6936353,-2
443.7820855,8
443.8705353,-13
443.9589849,7
444.0474342,-5
444.1358831,6
444.2243318,-2
444.3127801,7
444.4012281,-6
444.4896758,9
444.5781232,21
444.6665703,-11
444.7550171,0
444.8434636,20
444.9319098,-11
445.0203556,8
445.1088011,2
445.1972464,-5
445.2856913,-12
445.3741359,9
445.4625802,-15
445.5510242,-10
445.6394678,12
445.7279112,-5
445.8163542,3
445.904797,3
445.9932394,-2
446.0816815,10
446.1701233,-26
446.2585648,23
446.3470059,-1
446.4354468,-16
446.5238873,21
446.6123275,-6
446.7007674,-9
446.789207,17
446.8776463,-25
446.9660853,0
447.0545239,14
447.1429622,0
447.2314002,-7
447.3198379,7
447.4082753,5
447.4967124,-13
447.5851491,0
447.6735856,9
447.7620217,-9
447.8504575,-2
447.938893,3
448.0273281,-9
448.115763,-19
448.2041975,-2
448.2926317,-13
448.3810656,-23
448.4694991,4
448.5579324,-14
448.6463653,-17
448.7347979,8
448.8232302,-14
448.9116622,-10
449.0000939,7
449.0885252,-6
449.1769562,-3
449.2653869,3
449.3538173,-1
449.4422473,-6
449.530677,13
449.6191065,-3
449.7075355,-7
449.7959643,13
449.8843928,9
449.9728209,-5
450.0612487,7
450.1496761,29
450.2381033,-7
450.3265301,-12
450.4149566,15
450.5033828,-15
450.5918087,-8
450.6802342,2
450.7686594,2
450.8570843,-13
450.9455089,13
451.0339331,-10
451.1223571,-2
451.2107806,10
451.2992039,-8
451.3876269,-10
451.4760495,20
451.5644718,-8
451.6528937,-13
451.7413154,1
451.8297367,12
451.9181577,-4
452.0065783,18
452.0949987,12
452.1834187,-14
452.2718383,-6
452.3602577,26
452.4486767,-21
452.5370954,-18
452.6255138,13
452.7139318,-1
452.8023495,0
452.8907669,3
452.979184,-4
453.0676007,-9
453.1560171,20
453.2444332,-25
453.3328489,-11
453.4212643,7
453.5096794,6
453.5980941,-17
453.6865086,27
453.7749226,16
453.8633364,-15
453.9517498,18
454.0401629,0
454.1285757,-22
454.2169881,15
454.3054002,2
454.393812,-9
454.4822234,8
454.5706345,18
454.6590453,-32
454.7474557,7
454.8358658,15
454.9242756,-22
455.012685,-4
455.1010941,15
455.1895029,2
455.2779114,1
455.3663195,12
455.4547272,-9
455.5431347,-11
455.6315418,17
455.7199485,-22
455.808355,-4
455.8967611,33
455.9851668,-11
456.0735722,-20
456.1619773,17
456.2503821,2
456.3387865,3
456.4271906,17
456.5155943,-2
456.6039977,-11
456.6924008,-1
456.7808035,-6
456.8692059,-14
456.957608,10
457.0460097,1
457.1344111,10
457.2228121,-1
457.3112128,11
457.3996132,-15
457.4880132,0
457.5764129,19
457.6648122,-15
457.7532112,4
457.8416099,3
457.9300082,-9
458.0184062,-1
458.1068039,-2
458.1952012,11
458.2835982,-3
458.3719948,11
458.4603911,4
458.548787,0
458.6371826,16
458.7255779,6
458.8139728,-16
458.9023674,-3
458.9907616,12
459.0791555,7
459.1675491,-12
459.2559423,12
459.3443351,-11
459.4327277,-2
459.5211198,14
459.6095117,-19
459.6979032,14
459.7862943,8
459.8746851,-5
459.9630756,10
460.0514657,4
460.1398555,-12
460.2282449,-15
460.316634,-5
460.4050227,5
460.4934111,-15
460.5817991,-8
460.6701868,28
460.7585742,-23
460.8469612,-13
460.9353478,3
461.0237342,4
461.1121201,-1
461.2005057,-2
461.288891,8
461.3772759,-6
461.4656605,42
461.5540447,-23
461.6424286,-1
461.7308121,5
461.8191953,-12
461.9075782,17
461.9959606,0
462.0843428,11
462.1727246,-12
462.261106,-3
462.3494871,16
462.4378678,-10
462.5262482,1
462.6146283,10
462.7030079,1
462.7913873,-8
462.8797663,-3
462.9681449,6
463.0565232,-3
463.1449011,1
463.2332787,2
463.3216559,2
463.4100328,10
463.4984093,-1
463.5867855,-7
463.6751613,0
463.7635368,10
463.8519119,-20
463.9402866,0
464.0286611,1
464.1170351,4
464.2054088,5
464.2937822,-6
464.3821551,-1
464.4705278,12
464.5589001,0
464.647272,0
464.7356436,24
464.8240148,2
464.9123856,-17
465.0007561,-6
465.0891263,6
465.1774961,-4
465.2658655,6
465.3542346,-2
465.4426033,9
465.5309717,-15
465.6193397,12
465.7077074,3
465.7960747,-6
465.8844416,15
465.9728082,-5
466.0611744,7
466.1495403,18
466.2379058,3
466.3262709,1
466.4146357,7
466.5030001,-10
466.5913642,-2
466.6797279,15
466.7680913,-4
466.8564543,-11
466.9448169,-23
467.0331792,-17
467.1215411,-9
467.2099026,-3
467.2982638,14
467.3866247,1
467.4749851,3
467.5633452,5
467.651705,-20
467.7400644,-9
467.8284234,24
467.9167821,-17
468.0051403,-1
468.0934983,17
468.1818559,-19
468.2702131,-8
468.3585699,9
468.4469264,-11
468.5352825,-5
468.6236383,3
468.7119937,-10
468.8003487,1
468.8887034,16
468.9770577,-2
469.0654116,-18
469.1537652,5
469.2421184,17
469.3304712,-25
469.4188237,0
469.5071758,9
469.5955275,-7
469.6838789,-13
469.7722299,17
469.8605806,0
469.9489309,3
470.0372808,14
470.1256303,-12
470.2139795,7
470.3023283,-4
470.3906767,-19
470.4790248,2
470.5673725,21
470.6557199,-2
470.7440668,-17
470.8324134,15
470.9207597,8
471.0091055,-19
471.097451,-1
471.1857961,-2
471.2741409,-8
471.3624853,3
471.4508293,8
471.5391729,-3
471.6275162,0
471.7158591,-16
471.8042016,-9
471.8925438,1
471.9808856,0
472.069227,-28
472.1575681,12
472.2459087,3
472.334249,-15
472.422589,11
472.5109285,1
472.5992677,18
472.6876065,-4
472.775945,2
472.8642831,11
472.9526207,-7
473.0409581,-7
473.129295,-5
473.2176316,4
473.3059678,7
473.3943036,10
473.4826391,-8
473.5709741,8
473.6593088,-4
473.7476432,-6
473.8359771,9
473.9243107,9
474.0126439,1
474.1009767,-20
474.1893092,-14
474.2776412,20
474.3659729,-6
474.4543043,-1
474.5426352,-13
474.6309658,3
474.7192959,6
474.8076258,0
474.8959552,-5
474.9842842,20
475.0726129,-6
475.1609412,-1
475.2492691,9
475.3375967,1
475.4259238,-6
475.5142506,-9
475.602577,1
475.6909031,-1
475.7792287,-7
475.867554,-3
475.9558788,14
476.0442033,-8
476.1325275,10
476.2208512,4
476.3091746,-8
476.3974976,12
476.4858202,-11
476.5741424,-20
476.6624642,15
476.7507857,-1
476.8391067,3
476.9274274,11
477.0157477,8
477.1040677,-16
477.1923872,13
477.2807064,-11
477.3690252,-1
477.4573435,8
477.5456616,11
477.6339792,-6
477.7222964,-12
477.8106133,11
477.8989298,-6
477.9872458,-7
478.0755616,13
478.1638769,-5
478.2521918,-18
478.3405064,16
478.4288205,1
478.5171343,0
478.6054477,14
478.6937607,-8
478.7820733,1
478.8703855,7
478.9586974,-37
479.0470089,-11
479.1353199,4
479.2236306,8
479.3119409,6
479.4002508,11
479.4885603,22
479.5768695,-11
479.6651782,4
479.7534866,9
479.8417945,-11
479.9301021,-4
480.0184093,6
480.1067161,-6
480.1950225,-21
480.2833285,25
480.3716342,-11
480.4599394,-4
480.5482443,-8
480.6365487,-14
480.7248528,5
480.8131565,2
480.9014598,-3
480.9897627,1
481.0780652,3
481.1663673,5
481.254669,-30
481.3429703,-4
481.4312713,-6
481.5195718,3
481.607872,5
481.6961717,12
481.7844711,-15
481.8727701,18
481.9610687,12
482.0493668,-21
482.1376646,-3
482.225962,18
482.314259,-16
482.4025556,8
482.4908519,12
482.5791477,-16
482.6674431,0
482.7557381,6
482.8440328,-6
482.932327,-9
483.0206209,6
483.1089143,-3
483.1972074,-8
483.2855,-4
483.3737923,-1
483.4620841,-5
483.5503756,22
483.6386667,4
483.7269573,-13
483.8152476,22
483.9035375,-4
483.991827,-18
484.080116,5
484.1684047,7
484.256693,-9
484.3449809,-2
484.4332684,2
484.5215555,-9
484.6098421,-12
484.6981284,8
484.7864143,-6
484.8746998,-11
484.9629849,-2
485.0512696,-18
485.1395539,-13
485.2278377,12
485.3161212,-21
485.4044043,-5
485.492687,23
485.5809693,2
485.6692511,-5
485.7575326,0
485.8458137,-3
485.9340944,-8
486.0223746,-5
486.1106545,-9
486.198934,9
486.287213,7
486.3754917,27
486.4637699,-8
486.5520478,-3
486.6403252,13
486.7286023,-2
486.8168789,-3
486.9051552,18
486.993431,-3
487.0817064,2
487.1699814,17
487.258256,-3
487.3465303,58
487.4348041,102
487.5230775,82
487.6113504,111
487.699623,132
487.7878952,121
487.876167,98
487.9644383,64
488.0527093,13
488.1409799,4
488.22925,-13
488.3175197,12
488.4057891,-14
488.494058,-7
488.5823265,7
488.6705946,-17
488.7588623,7
488.8471296,10
488.9353965,-8
489.0236629,1
489.111929,9
489.2001946,-13
489.2884599,9
489.3767247,-3
489.4649891,-9
489.5532531,14
489.6415167,-3
489.7297799,-6
489.8180427,-1
489.9063051,11
489.994567,11
490.0828285,-14
490.1710897,-1
490.2593504,13
490.3476107,-18
490.4358706,10
490.5241301,14
490.6123891,-17
490.7006478,2
490.788906,-2
490.8771639,-14
490.9654213,0
491.0536783,1
491.1419349,-5
491.2301911,-6
491.3184468,-1
491.4067022,-14
491.4949571,12
491.5832116,-6
491.6714657,8
491.7597194,-9
491.8479727,7
491.9362255,6
492.024478,-8
492.11273,16
492.2009816,0
492.2892328,2
492.3774836,1
492.4657339,0
492.5539839,-4
492.6422334,-3
492.7304825,11
492.8187312,7
492.9069794,6
492.9952273,18
493.0834747,21
493.1717217,-10
493.2599683,22
493.3482145,4
493.4364603,-3
493.5247056,18
493.6129505,25
493.701195,16
493.7894391,14
493.8776828,24
493.965926,1
494.0541688,25
494.1424112,15
494.2306532,15
494.3188948,26
494.4071359,11
494.4953766,4
494.5836169,4
494.6718568,30
494.7600962,8
494.8483352,14
494.9365739,35
495.024812,19
495.1130498,14
495.2012871,17
495.289524,26
495.3777605,10
495.4659966,24
495.5542322,10
495.6424675,18
495.7307023,33
495.8189366,2
495.9071706,20
495.9954041,38
496.0836372,22
496.1718699,6
496.2601021,23
496.3483339,30
496.4365653,12
496.5247963,24
496.6130268,34
496.7012569,13
496.7894866,24
496.8777159,37
496.9659447,9
497.0541731,7
497.1424011,47
497.2306287,-8
497.3188558,24
497.4070825,48
497.4953088,19
497.5835346,24
497.67176,28
497.759985,-8
497.8482096,24
497.9364337,36
498.0246574,28
498.1128807,29
498.2011035,33
498.2893259,35
498.3775479,14
498.4657695,50
498.5539906,31
498.6422113,31
498.7304315,34
498.8186513,44
498.9068707,20
498.9950897,34
499.0833082,32
499.1715263,23
499.259744,40
499.3479612,53
499.436178,39
499.5243944,46
499.6126103,44
499.7008259,31
499.7890409,33
499.8772556,48
499.9654698,27
500.0536835,47
500.1418969,37
500.2301098,25
500.3183223,34
500.4065343,55
500.4947459,45
500.5829571,41
500.6711678,66
500.7593781,48
500.8475879,21
500.9357974,54
501.0240063,60
501.1122149,23
501.200423,51
501.2886307,52
501.3768379,38
501.4650447,50
501.5532511,57
501.641457,48
501.7296625,61
501.8178676,61
501.9060722,49
501.9942764,50
502.0824801,73
502.1706834,47
502.2588863,62
502.3470887,62
502.4352907,57
502.5234922,38
502.6116933,87
502.699894,64
502.7880942,54
502.876294,100
502.9644934,70
503.0526923,71
503.1408907,75
503.2290888,70
503.3172864,73
503.4054835,70
503.4936802,77
503.5818765,58
503.6700723,78
503.7582677,84
503.8464626,75
503.9346571,77
504.0228511,75
504.1110447,71
504.1992379,89
504.2874306,105
504.3756229,69
504.4638147,88
504.5520061,119
504.6401971,79
504.7283876,86
504.8165776,105
504.9047672,82
504.9929564,76
505.0811451,113
505.1693334,100
505.2575212,116
505.3457086,109
505.4338956,109
505.5220821,101
505.6102681,103
505.6984537,104
505.7866389,115
505.8748236,106
505.9630078,117
506.0511916,119
506.139375,133
506.2275579,132
506.3157404,110
506.4039224,119
506.492104,136
506.5802851,117
506.6684658,128
506.756646,117
506.8448258,115
506.9330052,140
507.021184,141
507.1093625,149
507.1975405,137
507.285718,130
507.3738951,158
507.4620717,167
507.5502479,141
507.6384236,157
507.7265989,150
507.8147737,139
507.9029481,153
507.991122,185
508.0792955,170
508.1674685,192
508.2556411,166
508.3438132,180
508.4319849,199
508.5201561,165
508.6083269,198
508.6964972,193
508.7846671,220
508.8728365,205
508.9610054,217
509.0491739,224
509.1373419,199
509.2255095,204
509.3136767,187
509.4018433,213
509.4900096,229
509.5781753,238
509.6663406,200
509.7545055,237
509.8426699,241
509.9308339,258
510.0189973,241
510.1071604,223
510.195323,241
510.2834851,256
510.3716467,254
510.459808,271
510.5479687,233
510.636129,277
510.7242888,276
510.8124482,307
510.9006071,322
510.9887656,334
511.0769236,293
511.1650811,339
511.2532382,347
511.3413949,340
511.429551,330
511.5177067,361
511.605862,343
511.6940168,352
511.7821711,375
511.870325,370
511.9584784,421
512.0466313,384
512.1347838,359
512.2229359,375
512.3110874,413
512.3992385,431
512.4873892,426
512.5755394,444
512.6636891,482
512.7518383,474
512.8399871,443
512.9281355,498
513.0162833,463
513.1044308,492
513.1925777,485
513.2807242,470
513.3688702,504
513.4570158,518
513.5451608,524
513.6333055,527
513.7214496,558
513.8095933,514
513.8977366,524
513.9858793,559
514.0740216,574
514.1621635,583
514.2503049,580
514.3384458,611
514.4265862,582
514.5147262,625
514.6028657,611
514.6910047,664
514.7791433,674
514.8672814,602
514.9554191,678
515.0435563,671
515.131693,649
515.2198292,689
515.307965,667
515.3961003,698
515.4842351,696
515.5723695,742
515.6605034,702
515.7486368,761
515.8367698,698
515.9249023,768
516.0130343,727
516.1011659,762
516.189297,820
516.2774276,750
516.3655577,818
516.4536874,876
516.5418166,836
516.6299453,832
516.7180736,914
516.8062014,849
516.8943287,875
516.9824556,890
517.0705819,955
517.1587079,893
517.2468333,918
517.3349583,894
517.4230827,906
517.5112068,920
517.5993303,963
517.6874534,945
517.775576,978
517.8636981,984
517.9518198,996
518.0399409,1023
518.1280616,999
518.2161819,1017
518.3043016,1017
518.3924209,1013
518.4805397,1006
518.568658,980
518.6567759,1047
518.7448933,1050
518.8330102,1085
518.9211266,1070
519.0092426,1143
519.097358,1125
519.185473,1123
519.2735876,1161
519.3617016,1130
519.4498152,1169
519.5379283,1137
519.6260409,1133
519.714153,1218
519.8022647,1177
519.8903759,1128
519.9784866,1205
520.0665968,1203
520.1547065,1198
520.2428158,1289
520.3309246,1256
520.4190329,1221
520.5071407,1328
520.5952481,1300
520.683355,1296
520.7714614,1231
520.8595673,1279
520.9476727,1286
521.0357777,1251
521.1238821,1223
521.2119861,1241
521.3000896,1242
521.3881926,1269
521.4762952,1224
521.5643973,1226
521.6524988,1312
521.7405999,1347
521.8287006,1248
521.9168007,1226
522.0049003,1239
522.0929995,1208
522.1810982,1220
522.2691964,1193
522.3572941,1153
522.4453914,1222
522.5334881,1204
522.6215844,1212
522.7096802,1185
522.7977755,1224
522.8858703,1164
522.9739646,1197
523.0620585,1190
523.1501518,1155
523.2382447,1154
523.3263371,1151
523.414429,1120
523.5025204,1167
523.5906114,1222
523.6787018,1162
523.7667918,1138
523.8548812,1124
523.9429702,1123
524.0310587,1130
524.1191467,1123
524.2072343,1094
524.2953213,1077
524.3834078,1044
524.4714939,1028
524.5595795,1052
524.6476646,1045
524.7357492,1048
524.8238333,1055
524.9119169,1047
525,1086
525.0880826,1051
525.1761648,1007
525.2642464,1104
525.3523276,1002
525.4404083,1020
525.5284885,1019
525.6165682,1024
525.7046474,976
525.7927261,963
525.8808043,967
525.9688821,922
526.0569593,949
526.145036,944
526.2331123,883
526.3211881,921
526.4092633,882
526.4973381,906
526.5854124,885
526.6734862,886
526.7615595,842
526.8496323,838
526.9377046,833
527.0257764,797
527.1138478,841
527.2019186,850
527.2899889,801
527.3780588,811
527.4661281,783
527.554197,782
527.6422653,722
527.7303332,780
527.8184006,716
527.9064674,738
527.9945338,739
528.0825997,712
528.1706651,665
528.25873,720
528.3467943,704
528.4348582,704
528.5229216,676
528.6109845,650
528.6990469,653
528.7871088,632
528.8751702,682
528.9632311,615
529.0512916,642
529.1393515,651
529.2274109,576
529.3154698,580
529.4035282,601
529.4915861,572
529.5796435,570
529.6677004,579
529.7557569,532
529.8438128,539
529.9318682,559
530.0199231,532
530.1079775,518
530.1960314,507
530.2840848,511
530.3721378,496
530.4601902,512
530.5482421,501
530.6362935,489
530.7243444,512
530.8123948,498
530.9004447,454
530.9884941,433
531.076543,483
531.1645914,453
531.2526392,465
531.3406866,452
531.4287335,450
531.5167799,443
531.6048258,445
531.6928711,458
531.780916,442
531.8689604,436
531.9570042,431
532.0450476,395
532.1330904,427
532.2211327,402
532.3091746,391
532.3972159,392
532.4852567,395
532.573297,370
532.6613369,377
532.7493762,360
532.837415,326
532.9254532,392
533.013491,366
533.1015283,339
533.1895651,346
533.2776013,337
533.3656371,313
533.4536723,310
533.5417071,304
533.6297413,287
533.717775,315
533.8058082,319
533.8938409,293
533.9818731,306
534.0699048,298
534.157936,339
534.2459666,297
534.3339968,317
534.4220264,280
534.5100556,299
534.5980842,255
534.6861123,294
534.7741399,279
534.862167,272
534.9501936,264
535.0382196,306
535.1262452,277
535.2142702,257
535.3022947,278
535.3903188,263
535.4783423,253
535.5663653,259
535.6543877,254
535.7424097,274
535.8304312,246
535.9184521,249
536.0064725,243
536.0944924,244
536.1825118,214
536.2705307,257
536.3585491,227
536.4465669,226
536.5345843,224
536.6226011,206
536.7106174,198
536.7986332,221
536.8866485,202
536.9746632,196
537.0626775,219
537.1506912,218
537.2387044,206
537.3267171,201
537.4147293,241
537.502741,189
537.5907521,201
537.6787627,202
537.7667728,178
537.8547824,188
537.9427915,193
538.0308001,144
538.1188081,174
538.2068156,172
538.2948226,203
538.3828291,174
538.470835,182
538.5588405,173
538.6468454,166
538.7348498,161
538.8228537,159
538.9108571,170
538.9988599,166
539.0868622,172
539.174864,153
539.2628653,154
539.3508661,158
539.4388663,138
539.526866,121
539.6148652,162
539.7028639,139
539.790862,134
539.8788596,152
539.9668567,120
540.0548533,137
540.1428494,129
540.2308449,139
540.3188399,120
540.4068344,141
540.4948284,138
540.5828218,113
540.6708147,131
540.7588071,141
540.846799,99
540.9347904,132
541.0227812,127
541.1107715,108
541.1987612,140
541.2867505,129
541.3747392,104
541.4627274,101
541.550715,135
541.6387022,102
541.7266888,109
541.8146749,124
541.9026604,91
541.9906455,111
542.07863,98
542.166614,101
542.2545974,107
542.3425803,79
542.4305627,120
542.5185446,83
542.6065259,116
542.6945067,110
542.782487,82
542.8704668,83
542.958446,95
543.0464247,86
543.1344028,107
543.2223805,110
543.3103576,71
543.3983341,88
543.4863102,73
543.5742857,74
543.6622607,66
543.7502351,77
543.8382091,90
543.9261824,69
544.0141553,91
544.1021276,59
544.1900994,88
544.2780707,88
544.3660414,73
544.4540116,52
544.5419813,113
544.6299504,68
544.717919,76
544.8058871,98
544.8938546,83
544.9818216,64
545.069788,72
545.157754,70
545.2457194,80
545.3336842,72
545.4216486,73
545.5096123,52
545.5975756,64
545.6855383,65
545.7735005,47
545.8614622,52
545.9494233,76
546.0373838,52
546.1253439,52
546.2133034,69
546.3012624,35
546.3892208,54
546.4771787,63
546.565136,77
546.6530929,33
546.7410491,59
546.8290049,57
546.9169601,48
547.0049148,54
547.0928689,42
547.1808225,41
547.2687755,57
547.3567281,68
547.44468,28
547.5326315,55
547.6205824,48
547.7085327,42
547.7964825,65
547.8844318,58
547.9723805,41
548.0603287,42
548.1482764,52
548.2362235,54
548.3241701,48
548.4121161,77
548.5000616,16
548.5880065,60
548.675951,50
548.7638948,30
548.8518381,38
548.9397809,43
549.0277232,66
549.1156648,25
549.203606,53
549.2915466,60
549.3794867,46
549.4674262,22
549.5553652,50
549.6433036,28
549.7312415,45
549.8191788,56
549.9071156,30
549.9950519,38
550.0829876,36
550.1709228,21
550.2588574,25
550.3467915,38
550.434725,10
550.522658,31
550.6105904,26
550.6985223,45
550.7864536,38
550.8743844,33
550.9623147,44
551.0502444,38
551.1381735,48
551.2261022,32
551.3140302,21
551.4019577,31
551.4898847,38
551.5778111,25
551.665737,42
551.7536623,35
551.8415871,26
551.9295113,33
552.0174349,26
552.1053581,33
552.1932806,-2
552.2812027,45
552.3691241,15
552.4570451,13
552.5449654,25
552.6328853,18
552.7208045,5
552.8087232,16
552.8966414,27
552.984559,17
553.0724761,32
553.1603926,40
553.2483086,7
553.336224,18
553.4241388,30
553.5120531,9
553.5999669,19
553.6878801,39
553.7757927,3
553.8637048,10
553.9516164,28
554.0395273,37
554.1274378,8
554.2153476,12
554.303257,25
554.3911657,-1
554.4790739,31
554.5669816,6
554.6548887,11
554.7427953,31
554.8307012,19
554.9186067,6
555.0065116,22
555.0944159,36
555.1823197,3
555.2702229,15
555.3581255,28
555.4460276,11
555.5339292,13
555.6218301,27
555.7097306,10
555.7976304,-6
555.8855297,25
555.9734285,5
556.0613267,11
556.1492243,39
556.2371214,14
556.3250179,-1
556.4129139,36
556.5008093,12
556.5887041,-5
556.6765984,28
556.7644921,14
556.8523853,13
556.9402779,20
557.0281699,15
557.1160614,10
557.2039523,24
557.2918427,21
557.3797325,15
557.4676217,11
557.5555104,22
557.6433985,0
557.7312861,17
557.819173,32
557.9070595,-20
557.9949453,10
558.0828306,19
558.1707154,1
558.2585995,0
558.3464832,19
558.4343662,2
558.5222487,13
558.6101306,24
558.698012,7
558.7858928,7
558.873773,13
558.9616527,-7
559.0495318,5
559.1374103,11
559.2252883,21
559.3131657,3
559.4010425,-1
559.4889188,17
559.5767945,-9
559.6646696,14
559.7525442,24
559.8404182,8
559.9282916,6
560.0161645,25
560.1040368,-11
560.1919085,19
560.2797797,21
560.3676503,3
560.4555203,-5
560.5433898,16
560.6312587,-17
560.719127,-5
560.8069948,11
560.894862,-17
560.9827286,11
561.0705947,4
561.1584602,27
561.2463251,4
561.3341894,18
561.4220532,-2
561.5099164,-5
561.597779,9
561.6856411,8
561.7735026,-15
561.8613635,28
561.9492238,6
562.0370836,1
562.1249428,14
562.2128015,20
562.3006595,-2
562.388517,6
562.4763739,20
562.5642303,6
562.652086,7
562.7399412,21
562.8277959,0
562.9156499,-5
563.0035034,12
563.0913563,-6
563.1792086,-6
563.2670604,10
563.3549116,12
563.4427622,2
563.5306122,26
563.6184617,10
563.7063106,2
563.7941589,16
563.8820066,8
563.9698538,-35
564.0577003,14
564.1455463,-5
564.2333918,-13
564.3212366,17
564.4090809,21
564.4969246,6
564.5847677,2
564.6726103,13
564.7604522,-14
564.8482936,-3
564.9361344,20
565.0239747,-22
565.1118143,0
565.1996534,24
565.2874919,-9
565.3753298,-4
565.4631671,15
565.5510039,-3
565.6388401,17
565.7266757,20
565.8145107,0
565.9023451,-8
565.990179,15
566.0780123,2
566.165845,-7
566.2536771,-1
566.3415086,-8
566.4293396,-13
566.51717,-3
566.6049998,4
566.692829,-28
566.7806576,-5
566.8684856,13
566.9563131,11
567.04414,-10
567.1319663,9
567.219792,-11
567.3076171,18
567.3954417,-2
567.4832657,2
567.5710891,15
567.6589119,3
567.7467341,0
567.8345557,3
567.9223767,7
568.0101972,22
568.0980171,-22
568.1858364,0
568.2736551,25
568.3614732,-12
568.4492907,-12
568.5371077,10
568.6249241,-9
568.7127398,-6
568.800555,-2
568.8883696,-1
568.9761836,0
569.0639971,17
569.1518099,-2
569.2396222,1
569.3274338,14
569.4152449,-16
569.5030554,13
569.5908653,23
569.6786746,19
569.7664834,-21
569.8542915,-18
569.9420991,-15
570.029906,-12
570.1177124,21
570.2055182,16
570.2933234,-19
570.381128,2
570.468932,14
570.5567354,-19
570.6445382,5
570.7323405,17
570.8201421,-3
570.9079432,2
570.9957436,9
571.0835435,-5
571.1713428,4
571.2591415,8
571.3469396,-13
571.4347371,-9
571.522534,3
571.6103303,16
571.6981261,-3
571.7859212,0
571.8737158,13
571.9615097,-7
572.0493031,20
572.1370958,-2
572.224888,-7
572.3126796,12
572.4004706,14
572.4882609,-5
572.5760507,5
572.6638399,16
572.7516285,-11
572.8394165,-4
572.9272039,4
573.0149908,-2
573.102777,-9
573.1905626,-4
573.2783476,1
573.3661321,-7
573.4539159,23
573.5416991,-8
573.6294818,-8
573.7172638,20
573.8050452,6
573.8928261,-2
573.9806063,25
574.068386,11
574.156165,-13
574.2439435,17
574.3317214,-1
574.4194986,-10
574.5072753,1
574.5950513,1
574.6828268,-27
574.7706016,-1
574.8583759,12
574.9461496,-24
575.0339226,-9
575.1216951,13
575.2094669,-6
575.2972382,-1
575.3850088,27
575.4727789,-3
575.5605484,-4
575.6483172,18
575.7360855,-23
575.8238531,-7
575.9116201,9
575.9993866,-3
576.0871524,-6
576.1749177,1
576.2626823,-7
576.3504463,-6
576.4382098,19
576.5259726,7
576.6137348,-1
576.7014964,2
576.7892574,14
576.8770179,-4
576.9647777,4
577.0525369,4
577.1402955,-19
577.2280534,2
577.3158108,16
577.4035676,-21
577.4913238,2
577.5790794,-5
577.6668343,-3
577.7545887,12
577.8423424,9
577.9300956,-1
578.0178481,-1
578.1056,7
578.1933514,-4
578.2811021,-8
578.3688522,-2
578.4566017,4
578.5443506,-7
578.6320989,20
578.7198465,20
578.8075936,-17
578.8953401,8
578.9830859,3
579.0708311,8
579.1585758,10
579.2463198,1
579.3340632,4
579.421806,11
579.5095482,5
579.5972898,-14
579.6850307,-5
579.7727711,-4
579.8605109,-10
579.94825,7
580.0359885,8
580.1237264,22
580.2114637,-2
580.2992004,7
580.3869365,7
580.474672,-8
580.5624068,6
580.6501411,-5
580.7378747,13
580.8256077,11
580.9133401,-4
581.0010719,-1
581.0888031,-2
581.1765337,8
581.2642636,-10
581.3519929,-6
581.4397217,8
581.5274498,-1
581.6151773,-4
581.7029041,11
581.7906304,-3
581.878356,-4
581.9660811,3
582.0538055,-3
582.1415293,2
582.2292525,8
582.316975,-12
582.404697,-7
582.4924183,6
582.580139,0
582.6678591,-22
582.7555786,4
582.8432975,10
582.9310157,9
583.0187333,-23
583.1064504,-8
583.1941667,8
583.2818825,0
583.3695977,12
583.4573122,4
583.5450261,-13
583.6327394,25
583.7204521,1
583.8081642,-2
583.8958756,6
583.9835864,-5
584.0712966,-1
584.1590062,5
584.2467152,-6
584.3344235,-9
584.4221312,3
584.5098383,14
584.5975448,-1
584.6852506,6
584.7729559,3
584.8606605,0
584.9483645,-10
585.0360678,9
585.1237706,8
585.2114727,-4
585.2991742,10
585.3868751,9
585.4745753,-3
585.562275,12
585.649974,-14
585.7376723,-10
585.8253701,21
585.9130672,-8
586.0007637,1
586.0884596,11
586.1761549,5
586.2638495,-7
586.3515435,0
586.4392369,-2
586.5269297,-4
586.6146218,21
586.7023133,10
586.7900042,-8
586.8776944,14
586.965384,9
587.053073,-19
587.1407614,5
587.2284492,16
587.3161363,-10
587.4038228,-5
587.4915086,29
587.5791939,-4
587.6668785,-6
587.7545625,25
587.8422458,10
587.9299285,-17
588.0176106,17
588.1052921,-3
588.1929729,3
588.2806531,11
588.3683327,-15
588.4560116,-7
588.54369,13
588.6313676,-1
588.7190447,-1
588.8067211,8
588.8943969,5
588.9820721,-20
589.0697466,5
589.1574205,8
589.2450938,-8
589.3327664,-14
589.4204384,6
589.5081098,-15
589.5957805,-1
589.6834506,7
589.7711201,-16
589.8587889,9
589.9464572,3
590.0341247,-15
590.1217917,0
590.209458,18
590.2971237,3
590.3847887,3
590.4724531,23
590.5601169,-2
590.64778,0
590.7354425,4
590.8231044,2
590.9107656,-4
590.9984262,-4
591.0860862,-11
591.1737455,-20
591.2614042,17
591.3490622,4
591.4367197,-11
591.5243764,8
591.6120326,14
591.6996881,2
591.7873429,-19
591.8749972,16
591.9626508,-5
592.0503037,-2
592.137956,11
592.2256077,-10
592.3132588,-1
592.4009092,3
592.4885589,-22
592.5762081,0
592.6638565,5
592.7515044,-7
592.8391516,-7
592.9267982,5
593.0144441,-6
593.1020894,-13
593.189734,5
593.277378,-12
593.3650214,-3
593.4526641,-8
593.5403062,4
593.6279477,-9
593.7155885,-25
593.8032286,4
593.8908681,-10
593.978507,-14
594.0661453,10
594.1537828,-16
594.2414198,3
594.3290561,13
594.4166918,-1
594.5043268,-11
594.5919612,26
594.6795949,-21
594.767228,-14
594.8548604,6
594.9424922,-7
595.0301234,-4
595.1177539,2
595.2053838,8
595.293013,4
595.3806416,8
595.4682695,11
595.5558968,-9
595.6435234,-5
595.7311494,-1
595.8187748,-8
595.9063995,6
595.9940236,14
596.081647,-20
596.1692697,0
596.2568918,6
596.3445133,-15
596.4321341,-10
596.5197543,0
596.6073738,-4
596.6949927,15
596.782611,5
596.8702285,-15
596.9578455,12
597.0454618,-4
597.1330774,-1
597.2206924,-11
597.3083067,7
597.3959204,14
597.4835334,-7
597.5711458,-4
597.6587576,13
597.7463687,-8
597.8339791,3
597.9215889,21
598.009198,-11
598.0968065,8
598.1844143,2
598.2720215,7
598.3596281,-5
598.4472339,4
598.5348392,-11
598.6224437,12
598.7100477,25
598.7976509,16
598.8852535,-16
598.9728555,13
599.0604568,16
599.1480575,-28
599.2356575,0
599.3232568,17
599.4108555,-11
599.4984536,10
599.586051,-3
599.6736477,-5
599.7612438,23
599.8488392,11
599.936434,-12
600.0240281,-2
600.1116215,-11
600.1992143,-1
600.2868065,-13
600.374398,15
600.4619888,6
600.549579,-18
600.6371685,2
600.7247574,4
600.8123456,-16
600.8999331,21
600.98752,5
601.0751063,-14
601.1626918,11
601.2502768,-1
601.337861,-21
601.4254446,11
601.5130276,-8
601.6006098,-1
601.6881915,-19
601.7757724,27
601.8633527,-10
601.9509324,-13
602.0385114,32
602.1260897,-6
602.2136674,-12
602.3012444,7
602.3888207,-4
602.4763964,-6
602.5639714,-4
602.6515458,-13
602.7391195,-1
602.8266926,11
602.9142649,-21
603.0018367,-12
603.0894077,7
603.1769781,2
603.2645478,-20
603.3521169,17
603.4396853,10
603.5272531,-9
603.6148201,1
603.7023866,20
603.7899523,-6
603.8775174,1
603.9650818,17
604.0526456,0
604.1402087,-15
604.2277711,12
604.3153329,-14
604.402894,-5
604.4904544,21
604.5780142,-16
604.6655733,-16
604.7531317,28
604.8406895,-21
604.9282466,-10
605.0158031,12
605.1033589,-10
605.190914,-9
605.2784684,5
605.3660222,-5
605.4535753,-7
605.5411277,16
605.6286795,-1
605.7162306,-12
605.803781,16
605.8913308,-5
605.9788799,-12
606.0664284,14
606.1539761,14
606.2415232,-21
606.3290696,-7
606.4166154,23
606.5041605,-31
606.5917049,-18
606.6792486,9
606.7667917,0
606.8543341,-8
606.9418759,10
607.0294169,-1
607.1169573,-1
607.2044971,14
607.2920361,-9
607.3795745,-15
607.4671122,5
607.5546492,-9
607.6421856,-20
607.7297213,2
607.8172563,0
607.9047907,-15
607.9923243,0
608.0798573,7
608.1673897,-15
608.2549213,4
608.3424523,15
608.4299826,-6
608.5175122,-4
608.6050412,15
608.6925695,-8
608.7800971,15
608.867624,20
608.9551503,-9
609.0426759,0
609.1302008,29
609.217725,-1
609.3052486,-10
609.3927715,13
609.4802937,11
609.5678152,-2
609.6553361,2
609.7428563,1
609.8303758,-5
609.9178946,0
610.0054127,-4
610.0929302,-9
610.180447,11
610.2679631,23
610.3554785,-14
610.4429933,-7
610.5305074,-2
610.6180208,-23
610.7055335,7
610.7930455,3
610.8805569,10
610.9680676,0
611.0555776,16
611.1430869,-1
611.2305956,-3
611.3181035,7
611.4056108,-5
611.4931174,-4
611.5806234,12
611.6681286,-5
611.7556332,-3
611.843137,7
611.9306402,9
612.0181428,-9
612.1056446,9
612.1931458,-2
612.2806462,-12
612.368146,2
612.4556451,-3
612.5431435,0
612.6306413,4
612.7181383,3
612.8056347,8
612.8931304,-1
612.9806254,-3
613.0681197,-8
613.1556134,-13
613.2431063,19
613.3305986,8
613.4180902,4
613.5055811,-5
613.5930713,-1
613.6805608,1
613.7680497,4
613.8555378,11
613.9430253,-12
614.0305121,6
614.1179982,-4
614.2054836,-6
614.2929683,-12
614.3804524,9
614.4679357,-1
614.5554184,-20
614.6429004,15
614.7303817,-4
614.8178623,-10
614.9053422,0
